Size,Nearest (even),Up,Down,Zero,Stochastic (prop),Stochastic (uniform)
256,0.0056203,0.0039041,0.0040196,0.0038912,0.0079751,0.007844
512,0.0132427,0.0119066,0.0118425,0.0122514,0.0285123,0.028349
1024,0.0485108,0.0410294,0.0393991,0.0415512,0.0993508,0.0957863
2048,0.2754737,0.2577937,0.258708,0.2601661,0.480363,0.4756385
4096,1.0920541,1.0406979,1.0329264,1.0242297,2.3282731,2.3356312
8192,4.2025355,4.0300856,4.0297648,3.9960068,9.6630835,9.8835336
