Size,Nearest (even),Up,Down,Zero,Stochastic (prop),Stochastic (uniform)
256,0.0073978,0.0069786,0.0067908,0.0066124,0.0086835,0.0080639
512,0.0205978,0.0217093,0.0211489,0.0202056,0.0486972,0.0299464
1024,0.0671952,0.0693249,0.0667852,0.0651099,0.0813059,0.0735322
2048,0.1188261,0.1219899,0.1211333,0.1121615,0.1472621,0.1403734
4096,0.4084851,0.4235628,0.4339556,0.4210803,0.6319298,0.6172935
8192,1.6014853,1.6848903,1.6944129,1.6066637,2.3678328,2.3339871
