Size,Nearest (even),Up,Down,Zero,Stochastic (prop),Stochastic (uniform)
64,0.101644,0.0994148,0.0995477,0.0702958,0.0878195,0.0820759
256,0.0702305,0.071135,0.0687146,0.0714373,0.0724342,0.070901
1024,0.1587458,0.1657345,0.1695671,0.1804567,0.2335755,0.2251627
4096,1.6038695,1.1969762,1.3574971,1.5071915,2.3503162,2.8656561
16384,35.1435476,23.3698399,17.4969172,21.6675905,41.6347331,29.7194511
