Size,Nearest (even),Up,Down,Zero,Stochastic (prop),Stochastic (uniform)
256,0.0065192,0.0056298,0.0056423,0.0062273,0.0075488,0.0074639
512,0.0105364,0.0088602,0.0092216,0.0102759,0.0155048,0.0146739
1024,0.0277117,0.0251997,0.0260103,0.027317,0.0371648,0.0289424
2048,0.2298851,0.2104949,0.2045709,0.2308519,0.1781754,0.1752732
4096,1.0723343,0.9124215,0.9082582,1.0258783,1.0056529,0.9846062
8192,4.6397696,4.1038868,4.1390139,4.5837422,4.3849411,4.3196893
