Size,Nearest (even),Up,Down,Zero,Stochastic (prop),Stochastic (uniform)
256,0.0053483,0.004154,0.0039662,0.0040087,0.0077331,0.0072182
512,0.0119341,0.0117777,0.0112427,0.0111771,0.0267465,0.0268459
1024,0.0410568,0.036937,0.0373363,0.0366427,0.1111189,0.1111389
2048,0.1817769,0.1748991,0.1477843,0.1442537,0.4220038,0.4219974
4096,1.0962687,1.0307193,1.042403,1.0496559,2.3505699,2.3438792
8192,4.4291056,4.1546487,4.162267,4.0680285,9.7507812,9.6211528
