Size,Nearest (even),Up,Down,Zero,Stochastic (prop),Stochastic (uniform)
256,0.0103667,0.0169581,0.0103429,0.0103073,0.0120368,0.0118785
512,0.0161694,0.0168659,0.0218253,0.02998,0.0236076,0.0218573
1024,0.0289715,0.035957,0.0281406,0.0280609,0.0442425,0.0397808
2048,0.256236,0.268841,0.2263848,0.2428423,0.296839,0.2845339
4096,0.8323982,0.8648884,0.8933706,0.8525488,1.1280927,1.0912697
8192,3.0985636,3.4198503,3.4801535,3.1146946,4.2733848,4.2049999
