Size,Nearest (even),Up,Down,Zero,Stochastic (prop),Stochastic (uniform)
2000,0.1142721,0.1211416,0.1208812,0.1113721,0.1326361,0.1290027
4000,0.3761045,0.4098004,0.4107512,0.3789903,0.479284,0.4607912
6000,0.7965698,0.8614263,0.8581232,0.7926498,0.999673,0.9612168
8000,1.5950637,1.7025279,1.7072296,1.5920879,1.9190416,1.8503031
10000,2.2585106,2.4286355,2.4291873,2.2518711,2.7454863,2.6421658
