Size,Nearest (even),Up,Down,Zero,Stochastic (prop),Stochastic (uniform)
256,0.0011627,0.0011746,0.0011713,0.0011434,0.0020697,0.0012138
512,0.0013123,0.001702,0.0016606,0.001179,0.0013726,0.0013056
1024,0.0012747,0.0013331,0.0013432,0.0012708,0.0043495,0.0077865
2048,0.0042854,0.0043255,0.0045249,0.0046083,0.0014751,0.0014611
4096,0.0132194,0.0137076,0.0133829,0.0128897,0.0130241,0.01359
8192,0.0484597,0.0485851,0.0505032,0.0514257,0.0497643,0.0526749
