Size,Nearest (even),Up,Down,Zero,Stochastic (prop),Stochastic (uniform)
256,0.0692613,0.0696119,0.0659216,0.0663082,0.0725423,0.0712511
512,0.0901436,0.0875101,0.0833652,0.0898587,0.084782,0.085796
1024,0.1183086,0.1068434,0.105744,0.1127204,0.1623205,0.1603608
2048,0.3261742,0.2690592,0.257243,0.2810024,0.4555011,0.4511424
4096,1.3591895,1.0627079,1.0901811,1.2309423,1.9318932,1.8610303
8192,5.4598731,4.4267612,4.3962151,4.7922042,7.6801413,7.4103192
