Size,Nearest (even),Up,Down,Zero,Stochastic (prop),Stochastic (uniform)
256,0.0024772,0.0018302,0.0019086,0.0021368,0.0025899,0.0025626
512,0.0025679,0.0019473,0.0019359,0.0021586,0.0025979,0.0025718
1024,0.0030596,0.0024088,0.0024192,0.0025959,0.0027621,0.0027473
2048,0.0084558,0.0066708,0.0066377,0.0070111,0.0082786,0.0077181
4096,0.0326735,0.0277718,0.0277637,0.0277194,0.0306727,0.0293631
8192,0.131534,0.1121268,0.1114349,0.1143476,0.1262134,0.1191699
