Size,Nearest (even),Up,Down,Zero,Stochastic (prop),Stochastic (uniform)
2000,0.1050451,0.1155817,0.1153803,0.1054841,0.1395246,0.1323887
4000,0.3736909,0.4083717,0.4126586,0.3821667,0.4794074,0.4605923
6000,0.7855982,0.8492102,0.8470394,0.7917833,1.0062306,0.9618095
8000,1.5793585,1.6819807,1.6796125,1.584158,1.8977209,1.8265624
10000,2.2409231,2.4584527,2.4843812,2.2252834,2.7152621,2.6103219
