Size,Nearest (even),Up,Down,Zero,Stochastic (prop),Stochastic (uniform)
256,0.0077822,0.0068719,0.0069259,0.007048,0.0091065,0.0087866
512,0.021796,0.0220262,0.0217117,0.0217134,0.0313907,0.030151
1024,0.0757395,0.0702145,0.0746995,0.068066,0.0963358,0.0851248
2048,0.1258065,0.1291757,0.1321016,0.1241458,0.1482008,0.1443028
4096,0.4207355,0.4249599,0.4157683,0.4036995,0.6226791,0.6066571
8192,1.5913183,1.6446836,1.6605979,1.5985565,2.3449507,2.407294
