Size,Nearest (even),Up,Down,Zero,Stochastic (prop),Stochastic (uniform)
64,0.0017915,0.0017075,0.0016957,0.0013507,0.0018355,0.0017169
256,0.0088994,0.0093029,0.0093822,0.0092768,0.0125292,0.0136993
1024,0.0388204,0.0393696,0.0383652,0.0385119,0.0539195,0.0512434
4096,0.9053028,1.0166641,1.0549957,0.942207,1.195956,1.0826293
16384,10.794342,11.652936,11.5214735,10.6356608,14.784468,13.9679637
