Size,Nearest (even),Up,Down,Zero,Stochastic (prop),Stochastic (uniform)
64,0.0014558,0.0012065,0.0012751,0.0015393,0.0018712,0.0017715
256,0.0059146,0.0051479,0.0051897,0.0059335,0.0077481,0.0077678
1024,0.0512871,0.0350718,0.0356453,0.0484038,0.0689016,0.066339
4096,2.0263058,1.7821378,1.7129635,1.8730131,2.2179461,2.1808815
16384,40.8905495,35.0004486,35.012642,36.949727,42.1299291,41.6778571
