Size,Nearest (even),Up,Down,Zero,Stochastic (prop),Stochastic (uniform)
64,0.0017713,0.0013596,0.001397,0.001293,0.0019027,0.0018077
256,0.0087185,0.0075521,0.0079547,0.0090832,0.0128068,0.0129942
1024,0.0327541,0.0358274,0.034027,0.0375812,0.051058,0.0490818
4096,1.245797,1.0211448,1.0672009,1.1042968,1.3522734,1.1752447
16384,15.9990471,13.191451,13.5210212,14.6176142,17.5896323,16.9228209
