Size,Nearest (even),Up,Down,Zero,Stochastic (prop),Stochastic (uniform)
2000,0.1464466,0.134451,0.1351457,0.1158741,0.1515952,0.1628134
4000,0.9556211,1.0499087,1.058505,1.0135338,1.4885405,1.240542
6000,2.1522245,2.4276022,2.7025973,2.2281828,2.8999833,2.9453329
8000,3.9396066,4.5062439,4.3452385,4.0975096,5.4473413,5.0667204
10000,6.2083726,6.9367712,6.7473523,6.0166853,8.2858095,8.0165554
