Size,Nearest (even),Up,Down,Zero,Stochastic (prop),Stochastic (uniform)
256,0.0061461,0.0053272,0.0055338,0.0061041,0.0073944,0.0073609
512,0.0083712,0.0077464,0.007726,0.0083972,0.0113236,0.012419
1024,0.0291471,0.0273397,0.0263935,0.0281281,0.0398997,0.035274
2048,0.3072829,0.214521,0.1994513,0.1907683,0.1756912,0.1754407
4096,1.068108,0.9057677,0.9117892,1.0643692,1.0507891,1.0338048
8192,4.5906472,4.154652,4.2281284,4.5761464,4.4259139,4.2747058
