Size,Nearest (even),Up,Down,Zero,Stochastic (prop),Stochastic (uniform)
2000,0.001969,0.0013732,0.0013855,0.0012468,0.0014169,0.0014531
4000,0.0156587,0.0160463,0.0157153,0.0160938,0.0151199,0.0158685
6000,0.0326421,0.033476,0.0348251,0.0333145,0.0339973,0.0338671
8000,0.0582773,0.0586089,0.0589766,0.0595508,0.0586694,0.0580517
10000,0.0907957,0.0919777,0.0898132,0.088387,0.091507,0.0902676
