Size,Nearest (even),Up,Down,Zero,Stochastic (prop),Stochastic (uniform)
64,0.0054284,0.0049931,0.0050896,0.0043904,0.0053812,0.005134
256,0.0096936,0.0104905,0.0109614,0.0099086,0.0110823,0.0107045
1024,0.0993409,0.1330267,0.1413251,0.130058,0.1877944,0.1655346
4096,0.7174767,0.5889324,0.64902,0.5562552,0.837934,0.846752
16384,7.9620979,8.8282678,7.707576,8.2591664,12.8588531,10.3267667
