Size,Nearest (even),Up,Down,Zero,Stochastic (prop),Stochastic (uniform)
2000,0.1195715,0.1187899,0.1142113,0.1142454,0.1440334,0.1419908
4000,0.334109,0.3560412,0.3574795,0.3353642,0.4471234,0.4550472
6000,0.6811331,0.7296125,0.7675599,0.6828703,0.9114723,0.8825732
8000,1.3920625,1.5165866,1.4787561,1.4272415,1.7953133,1.8454326
10000,1.9071121,2.0571043,1.981206,1.8742788,2.483624,2.483376
