Size,Nearest (even),Up,Down,Zero,Stochastic (prop),Stochastic (uniform)
256,0.0030266,0.0019284,0.001924,0.0021369,0.0025778,0.0025526
512,0.0025888,0.0019192,0.0019289,0.0021729,0.0025527,0.0025236
1024,0.0030227,0.0023129,0.0024545,0.0028859,0.0033325,0.003247
2048,0.0077764,0.0062104,0.0063031,0.0065814,0.007544,0.0072771
4096,0.0322062,0.0263021,0.0262948,0.0280226,0.0298824,0.028657
8192,0.1282007,0.1077895,0.1073342,0.109906,0.1242679,0.1158733
