Size,Nearest (even),Up,Down,Zero,Stochastic (prop),Stochastic (uniform)
256,0.0597913,0.0591658,0.0576109,0.0549919,0.0597964,0.058928
512,0.0716645,0.0702873,0.0698223,0.0708728,0.082635,0.0828979
1024,0.1168795,0.1033854,0.102826,0.1108706,0.170303,0.1688657
2048,0.3365994,0.2665378,0.267472,0.2983165,0.4642744,0.4576749
4096,1.3492137,1.0497576,1.0570282,1.1768284,1.8982972,1.9081132
8192,5.3187263,4.1791648,4.1621706,4.7213736,7.6212242,7.4008084
