Size,Nearest (even),Up,Down,Zero,Stochastic (prop),Stochastic (uniform)
256,0.0023844,0.0017884,0.0019118,0.0022008,0.0026235,0.0025927
512,0.0026104,0.0020047,0.002003,0.0021723,0.0026132,0.002587
1024,0.0030781,0.0024461,0.0024299,0.00263,0.0029366,0.0029093
2048,0.0091961,0.0074453,0.0088048,0.0091039,0.0099561,0.0095351
4096,0.028666,0.0244745,0.0234427,0.0238103,0.0272126,0.025168
8192,0.1133206,0.0923311,0.09354,0.0957754,0.1068034,0.1003075
