Size,Nearest (even),Up,Down,Zero,Stochastic (prop),Stochastic (uniform)
256,0.010365,0.0105201,0.0103754,0.0132485,0.0120143,0.0116197
512,0.0184238,0.0181016,0.0179036,0.0208975,0.0229826,0.0218599
1024,0.0321362,0.0271946,0.0289288,0.0305521,0.0784092,0.042568
2048,0.236256,0.2505332,0.2602578,0.2428262,0.3157807,0.3018964
4096,0.8131935,0.9405329,0.8953589,0.8140918,1.1086036,1.079245
8192,3.0958506,3.5086895,3.3884224,3.1559698,4.2916522,4.2020333
