Size,Nearest (even),Up,Down,Zero,Stochastic (prop),Stochastic (uniform)
256,0.0009665,0.0009995,0.0010515,0.0009382,0.001099,0.0010607
512,0.0010199,0.0010646,0.0010884,0.0010015,0.0017962,0.0014791
1024,0.0011428,0.0012073,0.0012262,0.0011339,0.0012931,0.0032199
2048,0.0030265,0.0033906,0.0034275,0.0033205,0.0030766,0.0031554
4096,0.0086601,0.0086575,0.0086641,0.009248,0.0093963,0.0091352
8192,0.0315472,0.0314649,0.0321346,0.0314247,0.0302908,0.0311459
