Size,Nearest (even),Up,Down,Zero,Stochastic (prop),Stochastic (uniform)
256,0.010865,0.0103672,0.0097968,0.0096996,0.0116506,0.0115125
512,0.012823,0.0133886,0.0132486,0.0125617,0.01658,0.0159926
1024,0.0248493,0.0249212,0.0274139,0.0291032,0.0486221,0.0486871
2048,0.1899775,0.2007451,0.1999731,0.1852502,0.2625379,0.2547888
4096,0.6419213,0.7092408,0.712416,0.6611384,0.9181987,0.8947275
8192,2.4222689,2.7054101,2.6977174,2.43829,3.4890435,3.3921941
