Size,Nearest (even),Up,Down,Zero,Stochastic (prop),Stochastic (uniform)
64,0.0480033,0.0483943,0.0535905,0.063982,0.0622851,0.0586688
256,0.0639073,0.0569986,0.0553373,0.0641482,0.0678503,0.0599279
1024,0.1201057,0.1071399,0.110368,0.1131439,0.1804982,0.1695618
4096,1.348527,1.0612607,1.0598984,1.1904531,1.9100819,1.86458
16384,21.2014195,16.5337929,16.5058182,18.6102974,30.0274955,29.402819
