Size,Nearest (even),Up,Down,Zero,Stochastic (prop),Stochastic (uniform)
256,0.0798879,0.0688511,0.074619,0.0797373,0.0811485,0.0729174
512,0.0950631,0.0842738,0.0895461,0.0932761,0.0992622,0.0991016
1024,0.1428725,0.121382,0.1212425,0.1300119,0.1657189,0.1614322
2048,0.3736141,0.3043342,0.3024226,0.3459391,0.5169972,0.5033857
4096,1.3969749,1.1262439,1.0600216,1.2255072,1.9709011,1.889733
8192,5.4225407,4.3324025,4.2924248,4.9153918,7.6042817,7.7346284
