Size,Nearest (even),Up,Down,Zero,Stochastic (prop),Stochastic (uniform)
64,0.0013538,0.0012808,0.0014405,0.0014956,0.0017577,0.0016581
256,0.0090881,0.0144074,0.0092603,0.0091274,0.0110881,0.010325
1024,0.0440618,0.04775,0.049592,0.0446664,0.0708299,0.0671443
4096,1.2168353,1.3483368,1.3510805,1.2535469,1.5779484,1.5333009
16384,20.8068996,21.7922446,21.5991087,20.240705,25.4471803,24.8402779
