Size,Nearest (even),Up,Down,Zero,Stochastic (prop),Stochastic (uniform)
2000,0.0097099,0.0083599,0.0083865,0.0086535,0.0094532,0.0090509
4000,0.0299798,0.0247932,0.0245442,0.0255527,0.0287035,0.0263787
6000,0.0675504,0.0561995,0.0564612,0.0572202,0.0647381,0.060475
8000,0.1219089,0.1013917,0.1011195,0.1039376,0.1159069,0.1080496
10000,0.1899298,0.1590817,0.1579693,0.1617092,0.1769292,0.168861
