Size,Nearest (even),Up,Down,Zero,Stochastic (prop),Stochastic (uniform)
64,0.0024903,0.0011246,0.0011024,0.0008966,0.0019345,0.0014257
256,0.0037985,0.0032587,0.0032243,0.0034829,0.007517,0.007391
1024,0.0489141,0.0464499,0.0469276,0.0462708,0.1320955,0.1255249
4096,1.2641197,1.2047563,1.2008311,1.211086,2.5997088,2.5577908
16384,16.4945466,15.2103362,15.3104157,15.0994153,35.9603826,36.079461
