Size,Nearest (even),Up,Down,Zero,Stochastic (prop),Stochastic (uniform)
2000,0.110905,0.1138884,0.1145872,0.1132898,0.1304923,0.160761
4000,1.1831665,0.955755,0.9651772,1.1702756,1.3340666,1.058475
6000,2.873601,2.3975257,2.6308551,2.6320425,2.7667382,2.7811235
8000,5.3096995,4.7769252,4.2413994,5.2869204,5.3844903,4.9730565
10000,8.9584572,7.5396548,7.3422895,8.1417334,8.5074455,8.1296311
