Size,Nearest (even),Up,Down,Zero,Stochastic (prop),Stochastic (uniform)
64,0.0022772,0.0009513,0.0010039,0.0010445,0.0019081,0.0014332
256,0.0048356,0.0039725,0.0038928,0.004314,0.0082009,0.0077789
1024,0.051378,0.0458869,0.0468095,0.0473009,0.1378546,0.1325902
4096,1.1842113,1.1071793,1.1022928,1.1145388,2.5467935,2.5417253
16384,18.3866619,16.7622426,16.860493,17.0403719,39.6719272,39.8542702
