Size,Nearest (even),Up,Down,Zero,Stochastic (prop),Stochastic (uniform)
2000,0.2823368,0.2216346,0.2211494,0.2528268,0.3869841,0.3839974
4000,1.101773,0.8238106,0.830045,0.950511,1.6135269,1.5786126
6000,2.493537,1.88946,1.8784427,2.1470075,3.683656,3.5939481
8000,4.590446,3.4858625,3.4936193,3.9871095,6.6920551,6.5626893
10000,7.0861104,5.4277633,5.5468084,6.173973,10.3368895,10.1490019
