Size,Nearest (even),Up,Down,Zero,Stochastic (prop),Stochastic (uniform)
256,0.0050351,0.0040506,0.0039584,0.0037938,0.0073198,0.0068262
512,0.0093943,0.0089578,0.0088738,0.0086869,0.0209124,0.020927
1024,0.0371146,0.0345645,0.0340993,0.0339744,0.1079323,0.1088801
2048,0.2285863,0.2267688,0.2273891,0.2257879,0.4975708,0.4941181
4096,1.0169018,0.9737643,0.9701403,0.9723275,2.3731738,2.3567062
8192,4.0574608,3.7885157,3.7802033,3.7749841,9.2242391,9.2073252
