Size,Nearest (even),Up,Down,Zero,Stochastic (prop),Stochastic (uniform)
256,0.0101102,0.0105391,0.0101501,0.0096263,0.0111221,0.0117512
512,0.0143366,0.0134391,0.0134215,0.0140419,0.0178936,0.0175383
1024,0.0239988,0.0240609,0.0240121,0.0252833,0.0408059,0.0372058
2048,0.1620493,0.1835016,0.1868895,0.1678875,0.2463652,0.2419272
4096,0.6125021,0.6914032,0.6905934,0.6410479,0.9026848,0.8769625
8192,2.3989172,2.6438774,2.6607318,2.4031402,3.4436709,3.3519496
