,Nearest (even),Up,Down,Zero,Stochastic (prop),Stochastic (uniform)
256,0.05341098308563232,0.058976602554321286,0.06553516387939454,0.07283737659454345,0.0789862871170044,0.08003768920898438
512,0.10556750297546387,0.09900815486907959,0.09768633842468262,0.100311279296875,0.11457266807556152,0.1129676103591919
1024,0.14679293632507323,0.13065173625946044,0.12762672901153566,0.13709304332733155,0.19710929393768312,0.1956169366836548
2048,0.3812880039215088,0.2757114887237549,0.26936774253845214,0.28779215812683107,0.4555357933044434,0.43718605041503905
4096,1.1665495872497558,0.8295971155166626,0.873843789100647,0.9999515056610108,1.6867229700088502,1.604098629951477
8192,4.451861381530762,3.275346350669861,3.2314103126525877,3.7178392887115477,6.788605785369873,6.52740626335144
