,Nearest (even),Up,Down,Zero,Stochastic (prop),Stochastic (uniform)
2000,0.0009479045867919922,0.0010057687759399414,0.0010039091110229492,0.000921630859375,0.0010649442672729492,0.0010636568069458008
4000,0.000938248634338379,0.001033926010131836,0.0010277509689331054,0.0009808063507080079,0.001094651222229004,0.0010523319244384766
6000,0.000968170166015625,0.0010261297225952148,0.0010229825973510742,0.0009652614593505859,0.0010926246643066407,0.0010827302932739258
8000,0.0009476900100708008,0.0010703802108764648,0.0010331153869628906,0.0009043931961059571,0.0010892152786254883,0.0010770559310913086
10000,0.0009538173675537109,0.0010164260864257812,0.0010317564010620117,0.0009521245956420898,0.0010958433151245118,0.001069355010986328
