,Nearest (even),Up,Down,Zero,Stochastic (prop),Stochastic (uniform)
2000,0.0011760234832763673,0.0012864112854003907,0.0012828350067138673,0.0012021780014038086,0.001305389404296875,0.0012506961822509766
4000,0.0010255098342895508,0.0010550975799560546,0.0010843992233276368,0.0010085582733154296,0.0011394977569580077,0.0011558055877685547
6000,0.0010170459747314454,0.001240992546081543,0.0010775089263916015,0.0009981870651245117,0.0011610984802246094,0.0011108875274658202
8000,0.000995635986328125,0.0010803699493408202,0.001068449020385742,0.000996708869934082,0.0011424779891967773,0.0011114120483398438
10000,0.001001596450805664,0.0010823965072631835,0.0010802745819091797,0.0010053873062133788,0.0011440038681030274,0.001116037368774414
