,Nearest (even),Up,Down,Zero,Stochastic (prop),Stochastic (uniform)
256,0.014793705940246583,0.01523284912109375,0.01562647819519043,0.0160491943359375,0.020436811447143554,0.019724202156066895
512,0.04350724220275879,0.044709396362304685,0.044325518608093264,0.042945480346679686,0.0588641881942749,0.05464174747467041
1024,0.0861480712890625,0.08849854469299316,0.08862576484680176,0.08249101638793946,0.10518515110015869,0.09617445468902588
2048,0.14600393772125245,0.13196005821228027,0.1284029483795166,0.12269890308380127,0.16979382038116456,0.15989153385162352
4096,0.31126601696014405,0.3205843448638916,0.3275411367416382,0.317920446395874,0.5207175970077514,0.5060760736465454
8192,0.9079286575317382,0.9345043897628784,0.9495484352111816,0.8801390886306762,1.678686499595642,1.674078893661499
