,Nearest (even),Up,Down,Zero,Stochastic (prop),Stochastic (uniform)
2000,0.0012041807174682617,0.0012208223342895508,0.0011931896209716798,0.001092386245727539,0.0012276172637939453,0.0012121200561523438
4000,0.0010078907012939452,0.0010765314102172852,0.0010663509368896485,0.0010021686553955077,0.0011456012725830078,0.0011272668838500977
6000,0.0009985685348510743,0.0010931015014648438,0.0010803699493408202,0.0009880781173706055,0.0011477708816528321,0.0010984420776367187
8000,0.0010297298431396484,0.001084613800048828,0.0010711193084716798,0.0010088205337524414,0.0011934518814086914,0.0011272668838500977
10000,0.001018524169921875,0.0010927915573120117,0.0010916948318481444,0.0010104656219482421,0.0011713981628417968,0.0011687040328979491
