,Nearest (even),Up,Down,Zero,Stochastic (prop),Stochastic (uniform)
256,0.0011727333068847657,0.0011933326721191406,0.0012444019317626952,0.0011568069458007812,0.0013552427291870118,0.0013021230697631836
512,0.001169276237487793,0.001258516311645508,0.0012641429901123046,0.0011798858642578125,0.0013671159744262696,0.0012843608856201172
1024,0.0011756420135498047,0.0012614965438842774,0.0012718677520751954,0.0011806964874267578,0.0013935565948486328,0.0013036251068115235
2048,0.0010206937789916993,0.0012590885162353516,0.001255035400390625,0.0011677026748657226,0.0013403892517089844,0.0013081550598144532
4096,0.0010134458541870117,0.0010663270950317383,0.0010851144790649414,0.0009974241256713867,0.0011387109756469727,0.0011209726333618164
8192,0.0010027885437011719,0.0010467767715454102,0.001093745231628418,0.0009833097457885743,0.0011326789855957032,0.0011491060256958007
