,Nearest (even),Up,Down,Zero,Stochastic (prop),Stochastic (uniform)
256,0.002013373374938965,0.0014993667602539063,0.0016498804092407227,0.0018081903457641602,0.002272772789001465,0.0023061513900756838
512,0.0022823333740234373,0.0017256736755371094,0.001691436767578125,0.0018720388412475585,0.0022809743881225587,0.0022442102432250976
1024,0.0026997089385986327,0.002104377746582031,0.0021322965621948242,0.002272295951843262,0.0025873184204101562,0.0025747537612915037
2048,0.00908505916595459,0.007768154144287109,0.0077594280242919925,0.008075189590454102,0.009200954437255859,0.008788204193115235
4096,0.03492767810821533,0.030664801597595215,0.030669426918029784,0.03129005432128906,0.03534548282623291,0.03377046585083008
8192,0.13967504501342773,0.12283864021301269,0.12286036014556885,0.12517576217651366,0.1404252529144287,0.13425328731536865
