size,backend,mode,time
2000,numpy,native,0.3000294404725234
2000,numpy,emulated,0.47099727764725685
2000,jax,native,0.02293139447768529
2000,jax,emulated,0.1922076717019081
2000,torch,native,0.024529879291852314
2000,torch,emulated,0.048291840900977455
5000,numpy,native,0.4093979597091675
5000,numpy,emulated,0.9877172609170278
5000,jax,native,0.10304895167549451
5000,jax,emulated,0.24245521798729897
5000,torch,native,0.1966885874668757
5000,torch,emulated,0.23112488413850465
