,Nearest (even),Up,Down,Zero,Stochastic (prop),Stochastic (uniform)
2000,0.00780782699584961,0.006790375709533692,0.006801819801330567,0.006996917724609375,0.00788571834564209,0.00745849609375
4000,0.03194880485534668,0.028173446655273438,0.028139257431030275,0.028719401359558104,0.03231289386749268,0.03078303337097168
6000,0.0721811294555664,0.06360836029052734,0.06357417106628419,0.06486697196960449,0.07288739681243897,0.06961369514465332
8000,0.1283958911895752,0.11318550109863282,0.1132042646408081,0.11538043022155761,0.12962632179260253,0.12379798889160157
10000,0.20069262981414795,0.17704808712005615,0.1770540952682495,0.18025758266448974,0.20275983810424805,0.1937152624130249
