,Nearest (even),Up,Down,Zero,Stochastic (prop),Stochastic (uniform)
256,0.0015259504318237305,0.0011868238449096679,0.0012523412704467773,0.0013497591018676758,0.0015794038772583008,0.0015017271041870117
512,0.0016844987869262696,0.0012641191482543946,0.0012681722640991212,0.0013947486877441406,0.0015973806381225585,0.00150909423828125
1024,0.0020020008087158203,0.001645660400390625,0.0016232967376708985,0.0016808748245239259,0.0018259286880493164,0.001770162582397461
2048,0.00832040309906006,0.007200932502746582,0.007128763198852539,0.007316970825195312,0.008229899406433105,0.007800173759460449
4096,0.0336014986038208,0.029569220542907716,0.029549145698547365,0.030165910720825195,0.033877325057983396,0.03232698440551758
8192,0.13476603031158446,0.11884176731109619,0.11882059574127198,0.12114346027374268,0.13610591888427734,0.1299344539642334
