,numpy,torch_cpu,jax_eager,jax_jit
2000,0.4922996362050374,0.14438875516255698,0.1641382376352946,0.0004343986511230469
4000,1.5187783241271973,1.0209614435831706,0.13659183184305826,0.0009157657623291016
6000,3.8031407992045083,2.248784065246582,0.1634380022684733,0.0015198389689127605
8000,6.016177495320638,4.027785221735637,0.17175745964050293,0.002425591150919596
10000,9.999923785527548,6.359538555145264,0.21046050389607748,0.0033814112345377603
