,numpy,torch_cpu,jax_eager,jax_jit
2000,0.4505240122477214,0.10265016555786133,0.1560703913370768,0.0004723866780598958
4000,1.4993685881296794,0.7384858926137289,0.13048545519510904,0.0006434917449951172
6000,3.0796839396158853,1.7738492488861084,0.1486217180887858,0.0010937054951985676
8000,6.358088413874309,3.1496787071228027,0.1725900967915853,0.0017782052357991536
10000,9.111292680104574,4.811009565989177,0.20762244860331217,0.0025002161661783853
