,numpy,torch_cpu,jax_eager,jax_jit
2000,0.0100358567246413,0.04950102086980467,0.026375814489715706,9.21825054945055
4000,0.01061993401635159,0.026298469495388183,0.12803256036386207,27.48110728910729
6000,0.010343421353468532,0.023742525545035,0.2401392918145278,32.208819112627985
8000,0.011451833709483682,0.024067378323822716,0.40410310594412757,37.804261008356015
10000,0.010536258531096456,0.022884226772251905,0.48796793652455656,41.78564739481288
