,numpy,torch_cpu,jax_eager,jax_jit
2000,0.11262162526448567,0.0991226037343343,0.16256268819173178,0.00048343340555826825
4000,0.30508216222127277,0.8148225943247477,0.13435792922973633,0.000758965810139974
6000,0.6109314759572347,1.8740673065185547,0.14924144744873047,0.0011436144510904949
8000,1.0241052309672039,3.2469066778818765,0.17148701349894205,0.0017705758412679036
10000,1.7041737238566081,5.173127969106038,0.21813106536865234,0.0024104913075764975
