,numpy,torch_cpu,jax_eager,jax_jit
2000,0.12457911173502605,0.1490453084309896,0.16832304000854492,0.00043702125549316406
4000,0.4150381882985433,1.1398778756459553,0.14868895212809244,0.0010116100311279297
6000,0.8604828516642252,2.5274502436319985,0.16112756729125977,0.0016604264577229817
8000,1.464290698369344,4.505650520324707,0.1822954018910726,0.0024657249450683594
10000,2.3135410149892173,7.047329028447469,0.20923709869384766,0.0034157435099283853
