,numpy,torch_cpu,jax_eager,jax_jit
2000,0.03617387904535134,0.03761389957350388,0.02421731647430898,9.088416034669555
4000,0.04781820366961581,0.019115104824858318,0.12125953038466057,26.434689075630253
6000,0.05140035271127217,0.017922264145986598,0.23463009146218292,31.56688724738676
8000,0.052754535213160904,0.018459604764947228,0.37065116261943776,35.661428040031886
10000,0.05467501595875938,0.01970905978857073,0.5268895169901389,42.27276758718
