,numpy,torch_cpu,jax_eager,jax_jit
2000,0.010708508123668263,0.03942169414529078,0.025920285757544858,10.42710752019888
4000,0.01067496598831349,0.024656636713157005,0.12365807070980675,25.9207663190421
6000,0.011174224399605224,0.022298728993881623,0.24808865769683866,29.947430384767948
8000,0.011267390309191928,0.020735160766388965,0.3993477824050336,36.19842531577291
10000,0.01039449013987779,0.020853138470663585,0.48774719920365983,41.042833844347314
