,numpy,torch_cpu,jax_eager,jax_jit
2000,0.3735347588857015,0.10146697362263997,0.15431928634643555,0.00038361549377441406
4000,1.4988338152567546,0.64891250928243,0.12938904762268066,0.0006172657012939453
6000,3.221700112024943,1.6144417921702068,0.1451094150543213,0.0012021064758300781
8000,5.680108547210693,3.086544672648112,0.16026131312052408,0.001768032709757487
10000,9.620481491088867,4.795441230138143,0.20502424240112305,0.002436478932698568
