,numpy,torch_cpu,jax_eager,jax_jit
2000,0.03866371276252516,0.046981184805589396,0.0247676834879315,10.498883604505632
4000,0.051395797997539044,0.021041238829785067,0.1273877892184561,24.13987913669065
6000,0.05565687285873591,0.019817279960563604,0.2433581061914954,30.538989550326978
8000,0.056664823919304524,0.020694120701095744,0.3807937204760712,39.338887597088565
10000,0.058720903887306226,0.021971079236283924,0.5039250198539756,42.16934883876805
