,numpy,torch_cpu,jax_eager,jax_jit
2000,0.008878550068937488,0.03896730198399242,0.02562946094855944,8.46763930013459
4000,0.010671158597472346,0.02166595213264139,0.1226190304204857,24.864343831048537
6000,0.0116895112309772,0.02029484750330743,0.24222570202353466,32.915625054497895
8000,0.010065918533051907,0.020319532863865758,0.3708208129536222,35.99134605586592
10000,0.010975391035166732,0.020785658109461546,0.48164348639901705,39.99654164017801
