,numpy,torch_cpu,jax_eager,jax_jit
2000,0.03000555498920658,0.027356163631570795,0.022031241054068226,7.688916590284143
4000,0.03943811189071464,0.015471288412890053,0.12121390072971606,21.354114552397117
6000,0.045667075869465217,0.015583969358894974,0.2332744027099875,24.280919382504287
8000,0.04539089708060436,0.015876934287400796,0.3674062491873374,27.130221608328
10000,0.04514943390222687,0.016803629962009885,0.5051144855226665,29.702598966078888
