,numpy,torch_cpu,jax_eager,jax_jit
2000,0.013017666254311815,0.0460543080825272,0.02546780853976021,10.440084629744865
4000,0.016612881377414613,0.02448083791472698,0.12857549252023218,30.79329947996329
6000,0.013390967227067355,0.022916135518118542,0.25056355566569166,32.192795963328834
8000,0.011590259682082828,0.02290785539508584,0.3939928276553087,38.10297459190916
10000,0.011058884281813385,0.02393634557758037,0.50022667984394,39.94321630372675
