,numpy,torch_cpu,jax_eager,jax_jit
2000,0.090178648630778,0.07987666130065918,0.15837574005126953,0.000392913818359375
4000,0.28411054611206055,0.8724446296691895,0.13831162452697754,0.0007659594217936198
6000,0.5937583446502686,1.8484776020050049,0.1570561726888021,0.0011897881825764973
8000,1.0238598187764485,3.362295071283976,0.17799814542134604,0.0017604827880859375
10000,1.676770766576131,5.0761168003082275,0.20488754908243814,0.0024355252583821616
