,numpy,torch_cpu,jax_eager,jax_jit
2000,0.03179510296904611,0.025652594812871646,0.021985692513533668,9.443085928705441
4000,0.03665568634305409,0.013828347417541768,0.1110699383375694,14.666466962919792
6000,0.04340369489917645,0.013460957147702996,0.20748407380451048,22.71625455092523
8000,0.042621686015460646,0.013385017541830134,0.3550409499662068,25.993556308705333
10000,0.045923837649430525,0.013943565100542806,0.4650186592675101,29.01293982015218
