,numpy,torch_cpu,jax_eager,jax_jit
2000,0.39160728454589844,0.145888884862264,0.17001605033874512,0.0005048116048177084
4000,1.664082368214925,0.8788836797078451,0.13599093755086264,0.0009775161743164062
6000,3.6474434534708657,2.0399232705434165,0.15732232729593912,0.0016090075174967449
8000,6.067033449808757,3.7812450726826987,0.16613920529683432,0.0024242401123046875
10000,9.923198302586874,6.03185494740804,0.2220473289489746,0.0034952163696289062
