,numpy,torch_cpu,jax_eager,jax_jit
2000,0.10953410466512044,0.10832818349202473,0.16524982452392578,0.0003750324249267578
4000,0.3405117988586426,0.8562935988108317,0.13063939412434897,0.0006531079610188802
6000,0.6987120310465494,2.0237301190694175,0.15337769190470377,0.0010769367218017578
8000,1.216062863667806,3.472315231959025,0.16948890686035156,0.0017493565877278645
10000,1.8454312483469646,5.076873540878296,0.18920143445332846,0.0024129549662272134
