,numpy,torch_cpu,jax_eager,jax_jit
2000,0.11057702700297038,0.10634366671244304,0.16517106691996256,0.0004401206970214844
4000,0.33460060755411786,0.8370343844095866,0.13194839159647623,0.0006052652994791666
6000,0.7003842989603678,2.0086747805277505,0.15343300501505533,0.0011404355367024739
8000,1.2131658395131428,3.4670298099517822,0.1726690928141276,0.0017946561177571614
10000,1.8289889494578044,5.073808749516805,0.18979310989379883,0.002365589141845703
