,numpy,torch_cpu,jax_eager,jax_jit
2000,0.03808073335355967,0.03867830128434191,0.025637946790140434,10.01824203821656
4000,0.0518380487367786,0.017633285564214257,0.11322727781449039,19.87429338598223
6000,0.05688187386467889,0.016951027440665768,0.22662159030647472,29.30044191461837
8000,0.05877251210982965,0.01722737631572164,0.3480705073844997,36.427663997828745
10000,0.05634935320718418,0.01723161152820539,0.4541231370553429,40.34795100365549
