,numpy,torch_cpu,jax_eager,jax_jit
2000,0.3072747389475505,0.0868539810180664,0.1570610205332438,0.00038313865661621094
4000,0.9631080627441406,0.6535724004109701,0.12444051106770833,0.0005195935567220052
6000,2.6883793671925864,1.5709455013275146,0.1436761220296224,0.0011182626088460286
8000,5.521878004074097,2.793801466623942,0.16243950525919595,0.0016796588897705078
10000,9.042503515879313,4.177747170130412,0.19990936915079752,0.002503554026285807
