,numpy,torch_cpu,jax_eager,jax_jit
2000,0.39857085545857746,0.08080641428629558,0.1516540845235189,0.00043392181396484375
4000,1.5066006978352864,0.6084004243214926,0.1249682108561198,0.0005822181701660156
6000,3.4804731210072837,1.516266663869222,0.14991299311319986,0.001117706298828125
8000,5.588624636332194,2.659201145172119,0.15837542215983072,0.0016929308573404949
10000,9.491035143534342,4.369822104771932,0.20493149757385254,0.0023931662241617837
