,numpy,torch_cpu,jax_eager,jax_jit
2000,0.03210811141845202,0.026837476751923828,0.02376382935928997,9.152872885979269
4000,0.038550669435003786,0.014036591411981733,0.10760718783071611,15.816371435305209
6000,0.04183697551947009,0.014243603841738641,0.22342545478220469,21.681177044943283
8000,0.043707168304265916,0.014204386183815192,0.3510785205555655,25.955855347128217
10000,0.043223785250449114,0.014189773117777938,0.4779267186567062,29.27620288506282
