,numpy,torch_cpu,jax_eager,jax_jit
2000,0.035517157478470236,0.04035406505987969,0.024605892314491434,8.274148939667926
4000,0.05244488856216829,0.01963617615839356,0.11908489578342543,21.081318534031414
6000,0.058926412235666185,0.01920955553452187,0.24121985289888875,31.479140514246
8000,0.062493577871441955,0.01971106851822131,0.3732061028655959,36.14643242515373
10000,0.0586794636016898,0.01933066427066966,0.45843997429249717,41.48531865088523
