,numpy,torch_cpu,jax_eager,jax_jit
2000,0.12580553690592447,0.1559296449025472,0.18193650245666504,0.00042359034220377606
4000,0.4364943504333496,1.1570435365041096,0.14405337969462076,0.0010909239451090496
6000,0.8294224739074707,2.6744012037913003,0.173507293065389,0.001584768295288086
8000,1.5015830198923747,4.781465530395508,0.18026089668273926,0.002462148666381836
10000,2.177518367767334,7.171766996383667,0.2150451342264811,0.0034467379252115884
