,numpy,torch_cpu,jax_eager,jax_jit
2000,0.008125132959338697,0.027702988335183625,0.0243697023778686,9.2081317233809
4000,0.01053478295405275,0.0156715026806951,0.1171373118297713,17.47171674043218
6000,0.00946586042976111,0.016008651322443695,0.22026700951021286,23.686719933068392
8000,0.010637984010574652,0.015889625805921542,0.37261845939009136,26.38532053340323
10000,0.010000076215053322,0.015724411312687737,0.4751485345173298,29.57345116104165
