Size,Nearest (even),Up,Down,Zero,Stochastic (prop),Stochastic (uniform)
2000,0.1472256,0.1355426,0.1359434,0.1444128,0.1720401,0.1693344
4000,1.4359507,1.2778867,1.2848086,1.4275234,1.3285951,1.3187508
6000,3.5779811,3.0602992,3.0817152,3.3650543,2.786534,2.6081046
8000,5.7714334,4.7126086,4.5108288,5.0692704,4.8419365,4.7398337
10000,11.5034076,10.2965676,10.507821,10.7280773,10.080056,9.9380912
