,Nearest (even),Up,Down,Zero,Stochastic (prop),Stochastic (uniform)
0,0.003130817413330078,0.00107574462890625,0.0009624958038330078,0.0008739471435546875,0.0018581390380859376,0.002603960037231445
1,0.0009347915649414063,0.0010471343994140625,0.0010509490966796875,0.0017613887786865235,0.0019506454467773438,0.001915740966796875
