,Nearest (even),Up,Down,Zero,Stochastic (prop),Stochastic (uniform)
64,0.11775641441345215,0.08662776947021485,0.0969130516052246,0.09608006477355957,0.09572992324829102,0.10771574974060058
256,0.6785062789916992,0.49634928703308107,0.5585721969604492,0.5743998050689697,0.7478579044342041,0.7514256954193115
