,Nearest (even),Up,Down,Zero,Stochastic (prop),Stochastic (uniform)
0,0.0014920711517333984,0.002780914306640625,0.001207447052001953,0.002010631561279297,0.0036409854888916015,0.00150299072265625
1,0.0053769111633300785,0.0051688671112060545,0.0045912742614746095,0.004098749160766602,0.006760311126708984,0.006345129013061524
