,Nearest (even),Up,Down,Zero,Stochastic (prop),Stochastic (uniform)
64,0.05248017311096191,0.07694883346557617,0.08966598510742188,0.05901856422424316,0.05092678070068359,0.05513396263122559
256,0.43065462112426756,0.5000432014465332,0.5605298995971679,0.47888731956481934,0.5818786144256591,0.5702183246612549
