,Nearest (even),Up,Down,Zero,Stochastic (prop),Stochastic (uniform)
64,0.10417418479919434,0.1312547206878662,0.10807414054870605,0.12223424911499023,0.1067741870880127,0.10034022331237794
256,0.1100318431854248,0.12439918518066406,0.1051137924194336,0.10695400238037109,0.0875464916229248,0.10998268127441406
