Size,Nearest (even),Up,Down,Zero,Stochastic (prop),Stochastic (uniform)
2000,0.2866125,0.2249411,0.2295868,0.2541667,0.3942444,0.3847385
4000,1.1096619,0.8287,0.8336062,0.9551512,1.6131682,1.5854197
6000,2.5184301,1.9077338,1.9015313,2.1597061,3.6852364,3.6133729
8000,4.6259632,3.5664242,3.54993,4.0167793,6.7649197,6.5962119
10000,7.069258,5.3710809,5.3959871,6.1771553,10.412258,10.1973738
