,Nearest (even),Up,Down,Zero,Stochastic (prop),Stochastic (uniform)
2000,0.09398355484008789,0.09357151985168458,0.09426600933074951,0.08743958473205567,0.11714684963226318,0.11795847415924073
4000,0.337116003036499,0.371755313873291,0.36972362995147706,0.336765718460083,0.4347198486328125,0.41626701354980467
6000,0.7086750507354737,0.7718284368515015,0.7729398965835571,0.7110498905181885,0.9202748537063599,0.8769845247268677
8000,1.2607271432876588,1.3540427446365357,1.3496103525161742,1.25200617313385,1.5868464946746825,1.5179548263549805
10000,1.9694633483886719,2.102322053909302,2.095796728134155,1.9337224006652831,2.45760817527771,2.3478177309036257
